MaintenanceWMPrepareInspectionTools,MaintenanceWMInspection_tool,use
MaintenanceWMApplyInspectionTools,MaintenanceWMInspection_tool,use
MaintenanceWMStoreInspectionTools,MaintenanceWMInspection_tool,use
MaintenanceWMPrepareRepairTools,MaintenanceWMRepair_tool,use
MaintenanceWMGetNewPanel,MaintenanceWMBackup_panel1,use
MaintenanceWMRemoveBrokenPanel,MaintenanceWMRepair_tool,use
MaintenanceWMRemoveBrokenPanel,MaintenanceWMPanel1,use
MaintenanceWMEmplaceNewPanel,MaintenanceWMRepair_tool,use
MaintenanceWMEmplaceNewPanel,MaintenanceWMBackup_panel1,use
MaintenanceWMDisposeOfBrokenPanel,MaintenanceWMPanel1,use
MaintenanceWMStoreRepairTools,MaintenanceWMRepair_tool,use
